sale_id,sale_date,region,product,quantity,price,amount,sales_rep_id
1,2023-04-24,North,Product C,24,214.44,5146.56,7.0
2,2023-02-16,Central,Product C,27,224.67,6066.09,16.0
3,2023-07-05,East,Product D,2,87.14,174.28,7.0
4,2023-01-04,West,Product A,7,114.8,803.6,16.0
5,2023-03-29,South,Product E,18,320.66,5771.88,6.0
6,2023-02-03,South,Product A,19,85.1,1616.9,8.0
7,2023-09-25,East,Product B,24,170.86,4100.64,
8,2023-12-21,Central,Product E,48,270.35,12976.8,15.0
9,2023-01-02,North,Product C,14,194.6,2724.4,9.0
10,2023-03-04,Central,Product D,22,74.87,1647.14,2.0
11,2023-04-25,East,Product D,2,75.97,151.94,13.0
12,2023-04-10,North,Product E,11,336.92,3706.12,8.0
13,2023-12-20,North,Product B,32,131.81,4217.92,3.0
14,2023-11-17,North,Product A,45,99.2,4464.0,19.0
15,2023-11-17,East,Product B,26,126.47,3288.22,11.0
16,2023-01-28,East,Product E,27,335.29,9052.83,20.0
17,2023-11-14,North,Product D,33,77.37,2553.21,
18,2023-02-01,North,Product D,30,69.4,2082.0,3.0
19,2023-03-07,West,Product A,2,92.06,184.12,3.0
20,2023-02-22,North,Product E,22,246.26,5417.72,13.0
21,2023-02-19,West,Product B,20,171.87,3437.4,20.0
22,2023-01-06,West,Product D,15,83.85,1257.75,20.0
23,2023-02-21,North,Product D,11,75.52,830.72,4.0
24,2023-02-22,Central,Product A,1,103.72,103.72,19.0
25,2023-03-06,Central,Product C,21,188.43,3957.03,20.0
26,2023-08-16,South,Product B,6,167.82,1006.92,
27,2023-06-09,West,Product E,19,355.17,6748.23,10.0
28,2023-10-26,Central,Product B,29,128.84,3736.36,11.0
29,2023-05-30,North,Product E,12,310.37,3724.44,2.0
30,2023-05-02,Central,Product A,17,96.88,1646.96,7.0
31,2023-11-24,North,Product C,17,175.15,2977.55,15.0
32,2023-11-04,East,Product E,49,307.93,15088.57,10.0
33,2023-08-03,South,Product A,11,98.17,1079.87,2.0
34,2023-09-11,North,Product B,8,161.59,1292.72,7.0
35,2023-05-03,East,Product D,16,66.16,1058.56,1.0
36,2023-07-05,North,Product C,1,162.4,162.4,10.0
37,2023-08-14,Central,Product C,7,163.51,1144.57,
38,2023-04-12,South,Product B,10,173.12,1731.2,11.0
39,2023-10-11,South,Product B,8,121.29,970.32,4.0
40,2023-01-11,South,Product D,27,79.65,2150.55,11.0
41,2023-04-18,West,Product B,10,142.18,1421.8,6.0
42,2023-09-27,Central,Product D,26,86.35,2245.1,
43,2023-03-15,South,Product B,29,131.5,3813.5,12.0
44,2023-06-12,West,Product B,20,175.26,3505.2,19.0
45,2023-04-07,Central,Product C,28,223.17,6248.76,2.0
46,2023-11-19,South,Product E,22,356.21,7836.62,7.0
47,2023-02-11,West,Product E,26,247.78,6442.28,17.0
48,2023-07-11,Central,Product D,16,65.37,1045.92,17.0
49,2023-12-22,West,Product D,35,68.05,2381.75,19.0
50,2023-11-29,South,Product B,7,173.69,1215.83,8.0
51,2023-07-22,East,Product D,7,86.66,606.62,12.0
52,2023-05-11,North,Product B,18,165.1,2971.8,17.0
53,2023-06-30,Central,Product A,8,98.61,788.88,14.0
54,2023-08-19,West,Product D,15,71.03,1065.45,9.0
55,2023-07-15,South,Product D,1,67.01,67.01,12.0
56,2023-02-12,Central,Product E,10,305.6,3056.0,
57,2023-05-22,South,Product A,30,84.74,2542.2,18.0
58,2023-04-13,South,Product C,11,180.0,1980.0,9.0
59,2023-04-08,Central,Product B,23,179.9,4137.7,18.0
60,2023-05-14,East,Product C,1,225.78,225.78,13.0
61,2023-07-27,North,Product D,19,79.62,1512.78,5.0
62,2023-07-23,South,Product B,8,148.47,1187.76,18.0
63,2023-08-28,West,Product C,24,223.35,5360.4,7.0
64,2023-08-08,West,Product B,25,146.32,3658.0,1.0
65,2023-07-11,Central,Product B,5,138.33,691.65,16.0
66,2023-12-04,East,Product B,27,145.15,3919.05,13.0
67,2023-12-20,East,Product C,39,206.96,8071.44,2.0
68,2023-03-13,East,Product E,5,315.58,1577.9,20.0
69,2023-10-21,West,Product D,28,66.13,1851.64,18.0
70,2023-07-17,West,Product A,7,93.15,652.05,10.0
71,2023-02-17,North,Product E,6,261.32,1567.92,20.0
72,2023-09-08,South,Product B,1,124.17,124.17,10.0
73,2023-04-16,East,Product E,8,248.4,1987.2,
74,2023-09-23,South,Product C,1,228.78,228.78,6.0
75,2023-02-26,Central,Product D,5,74.35,371.75,
76,2023-04-16,South,Product C,5,194.58,972.9,16.0
77,2023-03-23,Central,Product C,20,207.0,4140.0,15.0
78,2023-05-22,North,Product B,7,146.74,1027.18,20.0
79,2023-05-07,East,Product E,17,345.51,5873.67,19.0
80,2023-01-21,North,Product C,24,211.7,5080.8,12.0
81,2023-12-25,East,Product D,50,78.39,3919.5,6.0
82,2023-08-01,South,Product E,8,327.99,2623.92,6.0
83,2023-12-24,North,Product D,41,80.96,3319.36,
84,2023-03-22,Central,Product C,9,213.33,1919.97,
85,2023-04-22,West,Product D,30,89.77,2693.1,12.0
86,2023-02-09,North,Product E,25,331.98,8299.5,15.0
87,2023-03-26,South,Product E,9,245.36,2208.24,
88,2023-11-24,West,Product D,49,70.31,3445.19,7.0
89,2023-07-23,North,Product C,2,169.17,338.34,11.0
90,2023-12-10,West,Product D,34,62.05,2109.7,8.0
91,2024-01-01,South,Product D,15,84.61,1269.15,6.0
92,2023-01-10,North,Product B,20,137.65,2753.0,13.0
93,2023-03-28,North,Product C,3,172.28,516.84,7.0
94,2024-01-01,Central,Product B,2,146.52,293.04,
95,2023-11-22,North,Product D,38,80.71,3066.98,20.0
96,2023-01-03,West,Product B,2,175.73,351.46,8.0
97,2023-04-13,North,Product D,3,60.84,182.52,
98,2023-04-09,North,Product B,22,177.52,3905.44,
99,2023-12-07,South,Product A,15,96.63,1449.45,11.0
100,2023-06-15,South,Product E,18,264.85,4767.3,14.0
101,2023-03-03,South,Product A,8,94.26,754.08,13.0
102,2023-12-01,North,Product D,25,66.38,1659.5,9.0
103,2023-11-29,East,Product A,44,82.69,3638.36,10.0
104,2023-11-03,North,Product E,36,334.95,12058.2,19.0
105,2023-03-29,North,Product E,9,278.92,2510.28,13.0
106,2023-12-14,South,Product C,49,174.03,8527.47,11.0
107,2023-12-08,North,Product C,35,161.41,5649.35,15.0
108,2023-07-15,South,Product E,17,310.5,5278.5,8.0
109,2023-01-11,North,Product C,20,178.91,3578.2,8.0
110,2023-11-14,North,Product B,10,142.47,1424.7,5.0
111,2023-07-12,North,Product B,7,175.4,1227.8,15.0
112,2023-06-18,East,Product C,5,211.49,1057.45,17.0
113,2023-08-01,East,Product A,21,89.16,1872.36,11.0
114,2023-05-05,Central,Product A,7,116.27,813.89,8.0
115,2023-12-18,South,Product E,49,344.72,16891.28,6.0
116,2023-08-15,North,Product A,21,114.79,2410.59,
117,2023-04-09,South,Product B,2,127.53,255.06,18.0
118,2023-04-15,Central,Product A,8,97.05,776.4,6.0
119,2023-04-12,West,Product B,8,156.35,1250.8,19.0
120,2023-08-18,South,Product C,21,228.99,4808.79,12.0
121,2023-07-23,South,Product D,13,73.24,952.12,14.0
122,2023-03-21,West,Product A,27,110.48,2982.96,3.0
123,2023-06-03,Central,Product B,20,153.17,3063.4,13.0
124,2023-08-26,West,Product C,10,190.01,1900.1,3.0
125,2023-06-20,West,Product B,5,129.28,646.4,1.0
126,2023-09-14,East,Product D,24,72.14,1731.36,13.0
127,2023-07-11,West,Product C,13,211.28,2746.64,14.0
128,2023-01-20,North,Product D,30,87.96,2638.8,14.0
129,2023-05-11,East,Product E,25,325.1,8127.5,12.0
130,2023-12-23,West,Product D,8,82.07,656.56,2.0
131,2023-07-05,South,Product C,1,208.43,208.43,5.0
132,2023-05-11,Central,Product E,8,354.21,2833.68,1.0
133,2023-03-01,North,Product D,25,71.93,1798.25,3.0
134,2023-09-23,South,Product D,30,64.97,1949.1,10.0
135,2023-09-14,West,Product E,18,276.96,4985.28,3.0
136,2023-02-25,Central,Product C,21,225.14,4727.94,7.0
137,2023-07-23,North,Product B,10,168.98,1689.8,
138,2023-02-05,West,Product E,25,290.02,7250.5,14.0
139,2023-03-29,East,Product B,6,162.24,973.44,6.0
140,2023-09-15,West,Product E,4,337.72,1350.88,2.0
141,2023-04-04,South,Product C,26,238.64,6204.64,15.0
142,2023-11-17,North,Product B,44,124.79,5490.76,
143,2023-03-05,North,Product C,9,162.37,1461.33,16.0
144,2023-12-11,North,Product A,11,90.64,997.04,19.0
145,2023-01-22,South,Product E,4,335.01,1340.04,17.0
146,2023-05-17,West,Product D,30,82.71,2481.3,11.0
147,2023-07-09,East,Product B,11,176.46,1941.06,13.0
148,2023-11-09,East,Product C,8,224.5,1796.0,
149,2023-12-24,South,Product A,30,104.08,3122.4,9.0
150,2023-12-25,East,Product D,20,78.55,1571.0,16.0
151,2023-09-21,South,Product A,14,119.45,1672.3,11.0
152,2023-01-09,East,Product A,21,118.78,2494.38,15.0
153,2023-04-30,West,Product D,20,82.18,1643.6,12.0
154,2023-08-08,West,Product A,30,109.37,3281.1,7.0
155,2023-12-31,Central,Product E,14,334.18,4678.52,2.0
156,2023-03-07,North,Product C,16,226.59,3625.44,15.0
157,2023-03-28,West,Product A,29,99.29,2879.41,8.0
158,2023-04-19,North,Product A,6,97.4,584.4,6.0
159,2023-06-17,East,Product B,13,163.15,2120.95,4.0
160,2023-12-07,Central,Product D,13,62.71,815.23,8.0
161,2023-10-22,Central,Product A,25,105.76,2644.0,13.0
162,2023-12-01,Central,Product D,46,84.25,3875.5,4.0
163,2023-05-29,North,Product A,3,93.61,280.83,7.0
164,2023-03-01,East,Product B,19,171.2,3252.8,19.0
165,2023-01-01,North,Product E,10,304.27,3042.7,14.0
166,2023-06-13,South,Product E,12,319.65,3835.8,4.0
167,2023-07-22,Central,Product D,1,69.48,69.48,10.0
168,2023-04-23,West,Product B,16,156.09,2497.44,2.0
169,2023-11-03,East,Product E,25,358.84,8971.0,19.0
170,2023-09-02,South,Product D,21,68.74,1443.54,2.0
171,2023-06-20,South,Product B,5,162.02,810.1,
172,2023-04-02,West,Product D,28,68.97,1931.16,6.0
173,2023-01-12,West,Product C,18,193.79,3488.22,12.0
174,2023-07-20,North,Product E,13,327.21,4253.73,7.0
175,2023-12-25,West,Product A,40,85.24,3409.6,19.0
176,2023-01-28,East,Product D,28,79.64,2229.92,15.0
177,2023-12-23,East,Product B,35,132.59,4640.65,7.0
178,2023-11-30,East,Product E,5,252.23,1261.15,5.0
179,2023-07-12,South,Product A,14,83.84,1173.76,6.0
180,2023-01-27,Central,Product C,4,207.47,829.88,13.0
181,2023-05-06,North,Product B,2,143.8,287.6,20.0
182,2023-03-30,West,Product A,21,111.11,2333.31,13.0
183,2023-05-21,West,Product C,21,160.93,3379.53,4.0
184,2023-09-08,Central,Product B,21,121.38,2548.98,19.0
185,2023-09-03,North,Product E,9,261.73,2355.57,14.0
186,2023-06-02,South,Product A,19,93.01,1767.19,18.0
187,2023-04-05,North,Product D,13,76.68,996.84,17.0
188,2023-09-08,Central,Product E,3,304.68,914.04,4.0
189,2023-04-17,North,Product B,22,171.72,3777.84,1.0
190,2023-10-12,East,Product A,15,81.57,1223.55,6.0
191,2023-02-14,East,Product A,18,83.38,1500.84,10.0
192,2023-07-06,South,Product D,18,89.31,1607.58,8.0
193,2023-06-03,Central,Product C,2,212.73,425.46,19.0
194,2023-09-09,East,Product E,23,349.29,8033.67,20.0
195,2023-10-03,South,Product A,17,106.5,1810.5,
196,2023-01-19,South,Product C,7,228.49,1599.43,5.0
197,2023-11-05,South,Product E,40,283.09,11323.6,20.0
198,2023-08-05,Central,Product C,3,180.85,542.55,6.0
199,2023-07-24,North,Product C,15,214.12,3211.8,5.0
200,2023-10-02,North,Product C,7,239.63,1677.41,7.0
201,2024-01-01,Central,Product E,12,312.59,3751.08,5.0
202,2023-06-11,West,Product A,14,118.56,1659.84,9.0
203,2023-03-05,North,Product E,18,288.81,5198.58,3.0
204,2023-07-05,East,Product B,11,172.13,1893.43,1.0
205,2023-02-20,South,Product D,13,88.55,1151.15,4.0
206,2023-03-31,East,Product E,17,338.56,5755.52,17.0
207,2023-06-28,East,Product E,19,272.53,5178.07,
208,2023-01-25,East,Product D,6,65.42,392.52,18.0
209,2023-10-10,West,Product D,20,77.77,1555.4,17.0
210,2024-01-01,South,Product B,5,142.73,713.65,2.0
211,2023-11-24,South,Product E,28,290.19,8125.32,15.0
212,2023-07-01,Central,Product C,15,182.07,2731.05,8.0
213,2023-06-06,East,Product D,3,83.12,249.36,3.0
214,2023-02-09,South,Product A,24,86.6,2078.4,
215,2023-05-27,West,Product A,18,118.49,2132.82,17.0
216,2023-03-11,West,Product E,16,322.21,5155.36,18.0
217,2023-12-24,West,Product A,12,104.65,1255.8,1.0
218,2024-01-01,Central,Product C,14,179.54,2513.56,17.0
219,2023-12-17,North,Product E,43,293.84,12635.12,17.0
220,2023-04-26,North,Product C,6,227.15,1362.9,2.0
221,2023-08-05,West,Product B,16,142.4,2278.4,8.0
222,2023-10-04,North,Product C,28,183.93,5150.04,7.0
223,2023-01-02,Central,Product D,24,66.52,1596.48,17.0
224,2023-01-19,West,Product E,30,341.8,10254.0,
225,2023-01-04,West,Product C,20,183.87,3677.4,12.0
226,2023-04-06,East,Product A,13,84.05,1092.65,3.0
227,2023-09-28,South,Product D,17,63.72,1083.24,5.0
228,2023-12-03,South,Product D,21,71.86,1509.06,14.0
229,2023-04-04,East,Product A,18,119.57,2152.26,15.0
230,2023-03-24,East,Product D,5,60.17,300.85,7.0
231,2023-02-26,East,Product A,7,85.35,597.45,11.0
232,2023-01-17,South,Product D,6,88.79,532.74,4.0
233,2023-08-04,Central,Product D,16,83.99,1343.84,11.0
234,2023-07-24,West,Product B,17,126.58,2151.86,1.0
235,2023-03-06,East,Product E,5,241.64,1208.2,2.0
236,2023-12-14,West,Product E,26,328.49,8540.74,10.0
237,2023-05-25,North,Product D,16,67.43,1078.88,17.0
238,2023-04-06,East,Product A,8,114.57,916.56,8.0
239,2023-12-08,South,Product D,32,81.19,2598.08,17.0
240,2023-11-09,South,Product E,16,315.47,5047.52,4.0
241,2023-03-09,North,Product C,13,239.23,3109.99,14.0
242,2023-01-10,South,Product A,20,114.57,2291.4,17.0
243,2023-06-06,South,Product C,8,194.09,1552.72,
244,2023-08-07,North,Product C,21,168.8,3544.8,12.0
245,2023-12-31,South,Product C,31,231.61,7179.91,1.0
246,2023-01-27,East,Product B,22,137.12,3016.64,20.0
247,2023-02-21,South,Product C,14,235.87,3302.18,10.0
248,2023-02-27,North,Product E,4,332.46,1329.84,12.0
249,2023-07-05,Central,Product E,19,284.59,5407.21,7.0
250,2023-10-27,North,Product A,13,85.22,1107.86,4.0
251,2023-01-22,South,Product B,19,162.28,3083.32,3.0
252,2023-10-07,East,Product C,20,218.03,4360.6,7.0
253,2023-10-01,South,Product A,24,85.11,2042.64,9.0
254,2023-10-14,East,Product D,12,78.9,946.8,14.0
255,2023-02-04,West,Product E,16,351.76,5628.16,1.0
256,2023-03-27,East,Product B,20,137.38,2747.6,2.0
257,2023-12-22,West,Product D,17,80.54,1369.18,3.0
258,2023-03-26,Central,Product D,15,76.87,1153.05,20.0
259,2023-05-20,South,Product A,7,86.4,604.8,1.0
260,2023-09-20,Central,Product E,15,271.06,4065.9,10.0
261,2023-12-29,Central,Product A,22,86.84,1910.48,
262,2023-05-02,North,Product B,10,176.52,1765.2,5.0
263,2023-05-19,North,Product B,28,179.37,5022.36,4.0
264,2023-01-01,East,Product E,21,356.67,7490.07,18.0
265,2023-05-16,South,Product D,24,86.95,2086.8,2.0
266,2023-11-17,East,Product B,5,163.83,819.15,9.0
267,2023-01-09,Central,Product A,18,108.9,1960.2,9.0
268,2023-11-17,Central,Product E,45,264.74,11913.3,11.0
269,2023-05-18,Central,Product D,7,64.67,452.69,14.0
270,2023-07-08,West,Product A,5,99.84,499.2,6.0
271,2023-04-07,West,Product B,19,158.85,3018.15,
272,2023-03-25,South,Product D,29,80.62,2337.98,5.0
273,2023-02-06,South,Product D,14,87.27,1221.78,4.0
274,2023-09-27,North,Product E,5,251.97,1259.85,4.0
275,2023-01-07,North,Product B,25,134.9,3372.5,
276,2023-03-15,Central,Product A,21,111.7,2345.7,
277,2023-02-24,East,Product A,18,88.09,1585.62,19.0
278,2023-08-16,South,Product C,27,186.54,5036.58,2.0
279,2023-10-06,East,Product E,23,254.77,5859.71,4.0
280,2023-10-06,North,Product E,10,346.37,3463.7,1.0
281,2023-04-25,South,Product D,1,71.56,71.56,10.0
282,2023-04-26,West,Product A,30,99.67,2990.1,8.0
283,2023-02-22,East,Product A,10,104.63,1046.3,3.0
284,2023-01-23,South,Product B,20,145.72,2914.4,6.0
285,2023-12-14,South,Product C,32,209.98,6719.36,4.0
286,2023-05-19,West,Product C,30,234.63,7038.9,3.0
287,2023-01-02,South,Product B,28,139.22,3898.16,16.0
288,2023-02-04,Central,Product D,4,88.79,355.16,3.0
289,2023-06-15,South,Product D,5,70.58,352.9,16.0
290,2023-12-22,Central,Product C,31,171.06,5302.86,8.0
291,2023-07-16,Central,Product D,14,76.16,1066.24,18.0
292,2023-04-28,North,Product E,13,325.79,4235.27,8.0
293,2023-12-26,South,Product C,10,160.23,1602.3,1.0
294,2023-07-05,West,Product B,18,175.25,3154.5,
295,2023-06-28,South,Product C,12,196.83,2361.96,18.0
296,2023-08-04,South,Product B,8,123.35,986.8,5.0
297,2023-07-13,West,Product C,1,164.33,164.33,19.0
298,2023-02-07,Central,Product B,16,121.81,1948.96,3.0
299,2023-05-06,North,Product E,3,339.73,1019.19,6.0
300,2023-08-29,South,Product E,24,323.83,7771.92,14.0
301,2023-06-22,North,Product C,15,168.9,2533.5,
302,2023-11-25,Central,Product B,7,150.2,1051.4,
303,2023-08-05,West,Product E,22,325.37,7158.14,19.0
304,2023-09-14,South,Product D,10,87.94,879.4,3.0
305,2023-09-25,South,Product B,13,144.02,1872.26,
306,2023-07-20,Central,Product E,6,341.01,2046.06,15.0
307,2023-09-02,West,Product D,11,64.94,714.34,14.0
308,2023-04-10,North,Product A,9,83.11,747.99,11.0
309,2023-01-15,East,Product B,8,152.49,1219.92,
310,2023-11-02,East,Product B,5,153.1,765.5,2.0
311,2023-05-04,North,Product E,9,307.78,2770.02,16.0
312,2023-01-24,East,Product A,2,117.74,235.48,
313,2023-07-02,West,Product E,10,263.39,2633.9,12.0
314,2023-03-08,North,Product C,23,192.58,4429.34,4.0
315,2023-09-15,South,Product A,26,103.49,2690.74,19.0
316,2023-01-20,South,Product B,10,160.94,1609.4,
317,2023-11-17,South,Product B,10,168.45,1684.5,6.0
318,2023-09-14,Central,Product E,17,351.63,5977.71,5.0
319,2023-06-23,East,Product E,10,342.71,3427.1,13.0
320,2023-05-03,Central,Product E,7,249.0,1743.0,16.0
321,2023-02-19,North,Product B,26,165.98,4315.48,3.0
322,2023-09-13,West,Product C,4,173.58,694.32,3.0
323,2023-05-24,East,Product C,19,167.14,3175.66,15.0
324,2023-05-13,East,Product D,16,79.51,1272.16,4.0
325,2023-10-19,North,Product C,16,228.72,3659.52,20.0
326,2023-12-15,West,Product C,13,201.0,2613.0,11.0
327,2023-07-11,West,Product E,3,294.01,882.03,2.0
328,2023-11-14,North,Product B,46,161.98,7451.08,5.0
329,2023-02-23,West,Product B,10,154.21,1542.1,8.0
330,2023-07-18,North,Product C,15,197.27,2959.05,15.0
331,2023-02-25,South,Product A,3,116.7,350.1,14.0
332,2023-04-13,East,Product A,13,92.69,1204.97,16.0
333,2023-04-19,West,Product A,23,91.14,2096.22,
334,2023-03-21,South,Product B,16,139.21,2227.36,
335,2023-11-04,North,Product C,29,223.16,6471.64,7.0
336,2023-01-28,North,Product D,7,68.1,476.7,3.0
337,2023-03-14,East,Product D,3,62.45,187.35,15.0
338,2023-08-03,South,Product C,17,174.73,2970.41,
339,2023-08-08,East,Product B,11,131.92,1451.12,16.0
340,2023-09-01,South,Product D,18,70.64,1271.52,13.0
341,2023-01-06,Central,Product B,18,124.67,2244.06,20.0
342,2023-03-16,East,Product A,11,86.02,946.22,5.0
343,2023-09-13,East,Product A,28,111.68,3127.04,9.0
344,2023-09-24,North,Product D,24,88.3,2119.2,15.0
345,2023-11-24,North,Product A,42,88.74,3727.08,14.0
346,2023-12-23,South,Product E,39,285.31,11127.09,7.0
347,2023-12-14,North,Product C,41,225.1,9229.1,
348,2023-06-07,North,Product D,17,79.47,1350.99,14.0
349,2023-06-30,Central,Product D,12,75.7,908.4,4.0
350,2023-04-01,West,Product C,15,174.15,2612.25,18.0
351,2023-08-12,East,Product D,13,79.02,1027.26,4.0
352,2023-02-14,North,Product A,26,105.98,2755.48,14.0
353,2023-02-23,Central,Product E,16,251.96,4031.36,19.0
354,2023-01-17,East,Product D,22,66.36,1459.92,18.0
355,2023-07-15,South,Product D,4,88.52,354.08,15.0
356,2023-07-31,North,Product C,13,222.58,2893.54,9.0
357,2023-12-04,East,Product D,21,80.2,1684.2,
358,2023-08-01,North,Product A,2,86.14,172.28,17.0
359,2023-11-04,East,Product B,25,177.55,4438.75,8.0
360,2023-10-12,South,Product E,13,317.33,4125.29,19.0
361,2023-08-08,West,Product B,5,144.19,720.95,6.0
362,2023-08-12,North,Product B,8,150.26,1202.08,13.0
363,2023-11-18,Central,Product B,21,176.92,3715.32,3.0
364,2023-01-14,North,Product E,14,258.37,3617.18,18.0
365,2023-02-10,West,Product A,19,109.69,2084.11,15.0
366,2023-11-21,East,Product B,45,134.38,6047.1,10.0
367,2023-04-10,South,Product D,18,83.11,1495.98,9.0
368,2023-02-12,South,Product A,30,105.54,3166.2,4.0
369,2023-02-26,Central,Product A,15,84.28,1264.2,6.0
370,2023-02-17,West,Product C,3,233.02,699.06,4.0
371,2023-09-09,North,Product D,26,62.21,1617.46,3.0
372,2023-04-18,West,Product D,22,86.69,1907.18,15.0
373,2023-03-24,East,Product A,6,116.15,696.9,20.0
374,2023-01-17,East,Product C,4,198.71,794.84,18.0
375,2023-01-03,Central,Product C,6,234.13,1404.78,1.0
376,2023-10-02,Central,Product E,1,331.32,331.32,12.0
377,2023-02-28,South,Product A,29,93.1,2699.9,5.0
378,2023-05-18,West,Product B,9,177.19,1594.71,18.0
379,2023-11-30,West,Product D,23,73.08,1680.84,7.0
380,2023-05-09,South,Product C,6,236.95,1421.7,19.0
381,2023-06-09,South,Product D,6,73.0,438.0,20.0
382,2023-05-20,East,Product E,27,252.91,6828.57,7.0
383,2023-10-18,East,Product A,12,97.98,1175.76,17.0
384,2023-05-10,West,Product C,19,208.31,3957.89,17.0
385,2023-06-30,North,Product A,13,87.2,1133.6,6.0
386,2023-07-03,North,Product B,8,159.42,1275.36,11.0
387,2023-03-04,East,Product A,1,108.67,108.67,19.0
388,2023-06-14,Central,Product A,8,95.42,763.36,17.0
389,2023-04-22,Central,Product C,4,217.3,869.2,3.0
390,2023-10-21,West,Product D,29,69.53,2016.37,7.0
391,2023-01-26,West,Product D,26,61.4,1596.4,4.0
392,2023-03-05,South,Product E,15,279.22,4188.3,19.0
393,2023-01-11,North,Product E,10,358.55,3585.5,10.0
394,2023-03-09,West,Product A,27,115.83,3127.41,2.0
395,2023-06-22,North,Product D,1,62.85,62.85,10.0
396,2023-05-21,East,Product D,11,62.39,686.29,16.0
397,2023-11-10,West,Product C,8,215.72,1725.76,4.0
398,2023-07-11,North,Product A,20,88.96,1779.2,5.0
399,2023-02-23,West,Product B,11,130.21,1432.31,12.0
400,2023-10-03,North,Product C,1,230.67,230.67,
401,2023-01-25,North,Product C,10,186.35,1863.5,13.0
402,2023-05-19,South,Product B,23,155.01,3565.23,11.0
403,2023-03-17,Central,Product D,25,79.11,1977.75,17.0
404,2023-09-28,Central,Product D,8,79.84,638.72,11.0
405,2023-09-05,North,Product C,8,221.3,1770.4,12.0
406,2023-10-13,South,Product B,27,161.7,4365.9,
407,2023-09-11,South,Product A,2,106.82,213.64,13.0
408,2023-04-07,North,Product C,16,176.69,2827.04,17.0
409,2023-09-21,East,Product C,28,216.68,6067.04,17.0
410,2023-02-24,South,Product B,30,175.0,5250.0,15.0
411,2023-11-14,South,Product D,37,65.64,2428.68,6.0
412,2023-12-18,Central,Product A,24,85.89,2061.36,4.0
413,2023-05-04,West,Product B,1,136.01,136.01,17.0
414,2023-08-20,East,Product A,12,117.08,1404.96,
415,2023-08-09,South,Product D,7,75.07,525.49,2.0
416,2023-08-14,East,Product A,9,81.97,737.73,14.0
417,2023-04-10,South,Product D,10,65.3,653.0,20.0
418,2023-09-10,West,Product A,17,107.25,1823.25,4.0
419,2023-04-23,North,Product A,4,103.01,412.04,18.0
420,2023-02-21,South,Product E,9,323.94,2915.46,13.0
421,2023-02-21,East,Product D,8,66.17,529.36,12.0
422,2023-11-23,Central,Product C,23,218.71,5030.33,
423,2023-09-15,Central,Product D,30,82.17,2465.1,8.0
424,2023-03-29,North,Product B,11,131.24,1443.64,5.0
425,2023-01-07,West,Product D,22,70.02,1540.44,9.0
426,2023-02-09,North,Product E,6,282.26,1693.56,1.0
427,2023-09-08,South,Product D,28,63.28,1771.84,19.0
428,2023-12-15,South,Product E,23,300.38,6908.74,4.0
429,2023-02-21,East,Product D,10,74.72,747.2,18.0
430,2023-05-12,West,Product C,22,189.14,4161.08,
431,2023-06-30,East,Product E,10,332.94,3329.4,20.0
432,2023-09-05,East,Product E,4,327.39,1309.56,
433,2023-07-30,South,Product C,8,199.83,1598.64,14.0
434,2023-07-04,North,Product B,7,175.24,1226.68,4.0
435,2023-05-21,Central,Product D,29,89.62,2598.98,6.0
436,2023-05-16,East,Product C,30,191.28,5738.4,9.0
437,2023-06-08,North,Product E,7,302.41,2116.87,20.0
438,2023-03-04,West,Product E,14,356.18,4986.52,10.0
439,2023-02-26,West,Product B,1,147.98,147.98,10.0
440,2023-11-16,South,Product C,40,198.95,7958.0,
441,2023-05-31,West,Product A,1,88.69,88.69,4.0
442,2023-01-28,East,Product A,16,97.21,1555.36,1.0
443,2023-01-26,South,Product C,9,230.3,2072.7,17.0
444,2023-12-07,South,Product A,40,108.53,4341.2,7.0
445,2023-08-10,North,Product C,19,177.51,3372.69,12.0
446,2023-05-08,West,Product D,26,71.97,1871.22,9.0
447,2023-06-04,East,Product B,20,153.83,3076.6,11.0
448,2023-10-24,South,Product C,5,170.86,854.3,10.0
449,2023-06-06,East,Product E,3,351.25,1053.75,6.0
450,2023-07-12,North,Product B,14,151.59,2122.26,17.0
451,2023-12-17,East,Product D,50,70.63,3531.5,14.0
452,2023-08-25,Central,Product A,1,118.3,118.3,5.0
453,2023-11-11,South,Product E,24,301.46,7235.04,18.0
454,2023-10-17,East,Product A,29,110.21,3196.09,13.0
455,2023-12-10,West,Product E,5,295.23,1476.15,
456,2023-01-29,North,Product C,9,207.55,1867.95,19.0
457,2023-09-04,East,Product A,23,84.86,1951.78,17.0
458,2023-01-28,South,Product E,23,257.3,5917.9,16.0
459,2023-03-11,South,Product C,8,210.26,1682.08,1.0
460,2023-09-06,South,Product A,20,82.69,1653.8,4.0
461,2023-09-24,South,Product B,4,126.22,504.88,
462,2023-09-16,West,Product A,15,117.04,1755.6,16.0
463,2023-04-05,South,Product E,27,271.23,7323.21,15.0
464,2023-12-03,North,Product D,44,64.39,2833.16,
465,2023-03-14,South,Product B,27,150.69,4068.63,7.0
466,2023-09-01,East,Product C,16,213.4,3414.4,16.0
467,2023-07-08,West,Product D,9,80.93,728.37,14.0
468,2023-08-06,North,Product C,5,196.57,982.85,1.0
469,2023-10-25,North,Product E,10,293.34,2933.4,12.0
470,2023-03-13,West,Product C,15,160.73,2410.95,17.0
471,2023-09-15,East,Product E,7,286.87,2008.09,
472,2023-12-02,East,Product E,14,280.71,3929.94,5.0
473,2023-05-23,East,Product D,26,62.05,1613.3,16.0
474,2023-07-12,Central,Product B,16,154.56,2472.96,17.0
475,2023-05-13,East,Product E,5,354.62,1773.1,20.0
476,2023-07-26,North,Product A,3,114.08,342.24,4.0
477,2023-12-07,West,Product D,11,69.71,766.81,8.0
478,2023-02-23,South,Product D,29,82.67,2397.43,3.0
479,2023-02-01,East,Product A,20,81.5,1630.0,15.0
480,2023-07-11,North,Product B,20,139.27,2785.4,13.0
481,2023-03-10,Central,Product E,21,263.97,5543.37,15.0
482,2023-12-14,South,Product B,23,164.53,3784.19,17.0
483,2023-04-09,Central,Product A,3,105.16,315.48,7.0
484,2023-01-18,South,Product A,26,94.38,2453.88,18.0
485,2023-02-06,South,Product E,11,299.54,3294.94,19.0
486,2023-08-31,East,Product C,17,209.48,3561.16,5.0
487,2023-02-04,West,Product D,15,86.22,1293.3,5.0
488,2023-09-22,North,Product A,10,99.95,999.5,
489,2023-10-04,North,Product B,11,169.28,1862.08,9.0
490,2023-07-19,North,Product B,12,178.09,2137.08,
491,2023-10-22,Central,Product E,8,300.01,2400.08,2.0
492,2023-10-07,North,Product E,23,296.52,6819.96,9.0
493,2023-12-01,North,Product C,6,193.71,1162.26,2.0
494,2023-03-13,Central,Product C,7,233.93,1637.51,2.0
495,2023-05-01,North,Product E,16,348.52,5576.32,2.0
496,2023-06-27,West,Product E,3,328.71,986.13,18.0
497,2023-09-03,East,Product A,5,84.16,420.8,8.0
498,2023-11-29,West,Product D,27,69.1,1865.7,8.0
499,2023-01-11,North,Product A,30,110.94,3328.2,18.0
500,2023-11-08,North,Product E,29,297.86,8637.94,13.0
501,2023-12-23,West,Product D,13,76.49,994.37,4.0
502,2023-11-12,East,Product B,28,140.59,3936.52,8.0
503,2023-04-29,Central,Product A,3,89.09,267.27,18.0
504,2023-10-18,North,Product B,2,168.76,337.52,
505,2023-03-06,South,Product C,15,163.5,2452.5,8.0
506,2023-05-30,Central,Product D,5,74.36,371.8,3.0
507,2023-02-09,Central,Product B,9,149.7,1347.3,12.0
508,2023-04-23,East,Product C,15,222.42,3336.3,8.0
509,2023-09-27,East,Product C,29,215.82,6258.78,2.0
510,2023-06-27,Central,Product D,14,68.39,957.46,5.0
511,2023-09-24,East,Product E,8,265.29,2122.32,5.0
512,2023-01-19,West,Product D,8,88.59,708.72,
513,2023-01-18,East,Product E,9,286.1,2574.9,3.0
514,2023-01-31,Central,Product D,9,74.86,673.74,13.0
515,2023-08-16,South,Product B,2,142.76,285.52,18.0
516,2023-01-27,East,Product A,22,101.66,2236.52,1.0
517,2023-11-08,East,Product E,26,265.99,6915.74,
518,2023-11-15,West,Product A,32,112.3,3593.6,10.0
519,2023-10-01,West,Product E,15,326.31,4894.65,9.0
520,2023-03-25,West,Product B,13,127.91,1662.83,
521,2023-12-16,North,Product B,22,166.28,3658.16,19.0
522,2023-07-22,Central,Product C,2,188.94,377.88,20.0
523,2023-01-07,East,Product E,4,319.29,1277.16,6.0
524,2023-08-16,North,Product D,15,60.27,904.05,
525,2023-07-03,Central,Product B,16,144.52,2312.32,3.0
526,2023-05-22,Central,Product E,29,277.68,8052.72,
527,2023-04-03,East,Product C,9,229.52,2065.68,6.0
528,2023-03-17,Central,Product A,28,89.31,2500.68,6.0
529,2023-12-17,West,Product E,37,278.08,10288.96,8.0
530,2023-02-01,East,Product C,23,161.29,3709.67,12.0
531,2023-10-04,North,Product E,23,268.16,6167.68,17.0
532,2023-08-16,Central,Product A,4,89.48,357.92,12.0
533,2023-12-15,North,Product D,31,86.28,2674.68,11.0
534,2023-11-07,East,Product D,28,86.92,2433.76,10.0
535,2023-11-15,South,Product C,6,163.57,981.42,19.0
536,2023-01-14,Central,Product B,4,168.48,673.92,17.0
537,2023-10-25,East,Product B,23,142.73,3282.79,5.0
538,2023-07-15,North,Product B,3,153.92,461.76,18.0
539,2023-08-03,North,Product E,18,335.78,6044.04,17.0
540,2023-09-24,East,Product C,15,175.6,2634.0,8.0
541,2023-06-18,East,Product B,8,147.35,1178.8,4.0
542,2023-12-21,West,Product D,20,70.86,1417.2,17.0
543,2023-02-09,East,Product D,30,78.16,2344.8,14.0
544,2023-04-28,South,Product E,19,269.39,5118.41,19.0
545,2023-12-07,Central,Product C,13,223.67,2907.71,4.0
546,2023-02-11,West,Product E,14,357.99,5011.86,7.0
547,2023-04-03,West,Product A,29,86.67,2513.43,18.0
548,2023-12-31,North,Product B,35,172.17,6025.95,1.0
549,2023-12-20,North,Product B,15,150.89,2263.35,13.0
550,2023-08-05,South,Product D,12,80.91,970.92,10.0
551,2023-03-02,East,Product E,11,313.05,3443.55,2.0
552,2023-02-07,East,Product D,24,87.32,2095.68,14.0
553,2023-05-29,West,Product B,25,164.01,4100.25,19.0
554,2023-09-18,South,Product A,3,103.74,311.22,15.0
555,2023-07-14,West,Product B,11,150.52,1655.72,4.0
556,2023-04-29,West,Product C,10,163.86,1638.6,17.0
557,2023-10-24,West,Product C,17,185.82,3158.94,6.0
558,2023-03-15,South,Product D,2,75.57,151.14,20.0
559,2023-06-10,East,Product C,4,173.25,693.0,16.0
560,2023-08-13,South,Product C,8,235.14,1881.12,20.0
561,2023-02-24,South,Product C,30,171.28,5138.4,17.0
562,2023-03-28,Central,Product A,1,118.39,118.39,7.0
563,2023-01-04,North,Product C,16,176.25,2820.0,19.0
564,2023-08-07,West,Product E,24,255.14,6123.36,4.0
565,2023-12-28,West,Product D,12,74.8,897.6,
566,2023-03-12,North,Product C,9,224.29,2018.61,8.0
567,2023-02-08,South,Product E,11,280.24,3082.64,17.0
568,2023-12-11,East,Product A,9,97.34,876.06,17.0
569,2023-06-12,Central,Product A,7,117.97,825.79,8.0
570,2023-03-12,West,Product B,19,160.4,3047.6,5.0
571,2023-09-06,South,Product D,27,68.48,1848.96,3.0
572,2023-09-22,South,Product A,28,97.37,2726.36,20.0
573,2023-04-17,South,Product A,23,96.73,2224.79,13.0
574,2023-11-20,South,Product C,42,198.74,8347.08,6.0
575,2023-06-03,East,Product D,8,74.71,597.68,20.0
576,2023-07-02,West,Product C,18,167.72,3018.96,10.0
577,2023-08-03,East,Product B,15,159.75,2396.25,15.0
578,2023-06-13,East,Product D,4,81.14,324.56,16.0
579,2023-09-08,West,Product B,20,121.74,2434.8,7.0
580,2023-07-29,Central,Product C,2,180.93,361.86,13.0
581,2023-08-15,West,Product C,14,232.99,3261.86,8.0
582,2023-06-23,East,Product D,2,72.29,144.58,6.0
583,2023-10-02,North,Product E,7,313.29,2193.03,18.0
584,2023-01-11,North,Product D,24,62.71,1505.04,12.0
585,2023-10-11,North,Product E,3,265.26,795.78,6.0
586,2023-10-02,South,Product C,13,224.1,2913.3,11.0
587,2023-07-31,Central,Product B,7,176.4,1234.8,
588,2023-01-11,Central,Product A,25,100.06,2501.5,2.0
589,2023-03-22,East,Product A,10,89.2,892.0,8.0
590,2023-01-18,North,Product D,9,79.66,716.94,9.0
591,2023-02-13,North,Product E,3,326.65,979.95,14.0
592,2023-01-11,Central,Product E,1,350.28,350.28,
593,2023-10-29,West,Product B,26,169.89,4417.14,11.0
594,2023-08-06,North,Product C,17,181.92,3092.64,9.0
595,2023-12-02,West,Product D,41,68.74,2818.34,
596,2023-07-28,East,Product D,18,68.53,1233.54,17.0
597,2023-05-06,North,Product D,13,81.83,1063.79,18.0
598,2024-01-01,West,Product B,4,154.67,618.68,
599,2023-04-29,East,Product D,15,76.89,1153.35,11.0
600,2023-03-15,North,Product A,26,102.44,2663.44,16.0
601,2023-10-31,North,Product B,8,144.19,1153.52,17.0
602,2023-10-18,South,Product A,25,110.7,2767.5,10.0
603,2023-06-22,North,Product C,5,215.12,1075.6,1.0
604,2023-05-18,South,Product E,23,335.36,7713.28,11.0
605,2023-11-30,East,Product D,20,81.27,1625.4,3.0
606,2023-02-23,North,Product D,14,63.82,893.48,
607,2023-09-24,North,Product B,24,131.84,3164.16,4.0
608,2023-01-20,West,Product D,29,65.12,1888.48,16.0
609,2023-03-13,Central,Product D,24,71.98,1727.52,14.0
610,2023-05-31,East,Product E,24,278.69,6688.56,19.0
611,2023-11-29,South,Product C,15,201.86,3027.9,20.0
612,2024-01-01,Central,Product E,12,270.15,3241.8,11.0
613,2023-03-11,Central,Product D,6,60.29,361.74,5.0
614,2023-08-29,North,Product C,3,216.12,648.36,4.0
615,2023-10-03,East,Product A,15,82.44,1236.6,6.0
616,2023-02-04,Central,Product B,12,140.7,1688.4,
617,2023-04-09,East,Product D,9,77.53,697.77,20.0
618,2023-07-26,Central,Product E,9,316.99,2852.91,19.0
619,2023-03-20,South,Product C,4,174.27,697.08,5.0
620,2023-09-25,West,Product C,19,206.05,3914.95,20.0
621,2023-05-22,Central,Product D,26,66.28,1723.28,
622,2023-04-29,North,Product E,7,257.58,1803.06,1.0
623,2023-06-15,North,Product B,3,150.7,452.1,16.0
624,2023-06-17,Central,Product A,10,89.63,896.3,13.0
625,2023-12-28,East,Product C,35,227.09,7948.15,3.0
626,2023-11-06,South,Product C,18,216.91,3904.38,18.0
627,2023-08-15,East,Product A,16,102.32,1637.12,12.0
628,2023-04-02,East,Product D,1,83.12,83.12,14.0
629,2023-04-20,Central,Product B,20,142.95,2859.0,1.0
630,2023-04-11,East,Product E,15,263.39,3950.85,11.0
631,2023-02-18,East,Product C,30,200.22,6006.6,
632,2023-05-20,East,Product D,2,71.95,143.9,9.0
633,2023-05-21,North,Product E,21,338.8,7114.8,16.0
634,2023-11-08,West,Product D,45,65.21,2934.45,18.0
635,2023-02-23,East,Product A,2,104.52,209.04,6.0
636,2023-03-09,West,Product A,3,82.24,246.72,2.0
637,2023-06-10,Central,Product C,4,238.67,954.68,20.0
638,2023-01-09,East,Product B,11,174.34,1917.74,12.0
639,2023-09-22,West,Product D,1,85.13,85.13,3.0
640,2023-04-09,Central,Product B,27,163.74,4420.98,
641,2023-08-16,East,Product E,2,263.84,527.68,6.0
642,2023-11-22,East,Product C,5,204.84,1024.2,15.0
643,2023-10-18,North,Product E,27,351.63,9494.01,
644,2023-02-16,North,Product B,6,139.05,834.3,1.0
645,2023-03-28,North,Product B,26,158.28,4115.28,8.0
646,2023-06-07,South,Product C,7,164.27,1149.89,6.0
647,2023-05-23,Central,Product C,5,193.12,965.6,9.0
648,2023-04-13,East,Product C,6,215.8,1294.8,16.0
649,2023-07-01,East,Product C,19,221.79,4214.01,6.0
650,2023-01-19,Central,Product D,27,64.67,1746.09,14.0
651,2023-06-27,South,Product C,10,215.97,2159.7,9.0
652,2023-02-16,South,Product C,17,177.46,3016.82,4.0
653,2023-09-22,South,Product D,22,64.19,1412.18,12.0
654,2023-10-16,Central,Product A,13,92.89,1207.57,12.0
655,2023-01-05,West,Product D,6,70.04,420.24,4.0
656,2023-04-06,East,Product C,30,173.02,5190.6,1.0
657,2023-08-13,Central,Product D,26,77.81,2023.06,13.0
658,2023-08-31,South,Product C,27,217.87,5882.49,16.0
659,2023-12-14,East,Product A,30,118.83,3564.9,17.0
660,2023-02-25,West,Product C,14,236.32,3308.48,1.0
661,2023-03-25,South,Product C,17,230.93,3925.81,17.0
662,2023-04-12,South,Product B,19,159.8,3036.2,2.0
663,2023-02-16,South,Product C,10,196.7,1967.0,1.0
664,2023-12-04,South,Product B,14,138.08,1933.12,
665,2023-05-01,South,Product D,28,62.71,1755.88,18.0
666,2023-07-11,West,Product B,1,140.68,140.68,13.0
667,2023-12-24,West,Product D,18,84.94,1528.92,4.0
668,2023-07-18,East,Product B,5,143.99,719.95,10.0
669,2023-12-12,Central,Product D,32,76.02,2432.64,19.0
670,2023-01-14,Central,Product B,8,166.07,1328.56,11.0
671,2023-09-14,North,Product E,27,311.9,8421.3,3.0
672,2023-11-27,South,Product D,19,65.64,1247.16,14.0
673,2023-02-17,West,Product B,11,145.54,1600.94,13.0
674,2023-12-12,North,Product C,35,236.68,8283.8,6.0
675,2023-07-23,North,Product D,17,84.19,1431.23,4.0
676,2023-12-02,North,Product B,30,139.14,4174.2,13.0
677,2023-12-18,North,Product D,34,79.61,2706.74,14.0
678,2023-01-28,West,Product C,10,219.37,2193.7,15.0
679,2023-09-15,West,Product C,12,227.53,2730.36,4.0
680,2023-04-02,Central,Product D,14,86.11,1205.54,
681,2023-01-04,Central,Product C,11,175.81,1933.91,15.0
682,2023-08-11,West,Product C,2,163.19,326.38,15.0
683,2023-07-07,Central,Product C,2,180.19,360.38,10.0
684,2023-01-13,East,Product B,18,137.59,2476.62,15.0
685,2023-06-16,North,Product E,10,253.4,2534.0,18.0
686,2023-07-22,South,Product A,8,101.4,811.2,5.0
687,2023-11-21,West,Product C,36,187.63,6754.68,20.0
688,2023-05-05,Central,Product E,30,295.01,8850.3,
689,2023-07-10,South,Product E,2,357.22,714.44,4.0
690,2023-07-15,North,Product C,17,234.2,3981.4,14.0
691,2023-07-25,South,Product C,1,217.73,217.73,3.0
692,2023-08-10,South,Product E,4,271.32,1085.28,17.0
693,2023-10-04,South,Product A,28,94.97,2659.16,14.0
694,2023-05-21,South,Product C,24,200.13,4803.12,
695,2023-07-24,East,Product C,6,160.4,962.4,14.0
696,2023-12-03,East,Product C,13,197.0,2561.0,11.0
697,2023-02-19,South,Product A,8,108.36,866.88,20.0
698,2023-05-28,Central,Product D,24,77.64,1863.36,11.0
699,2023-10-05,West,Product E,13,241.51,3139.63,12.0
700,2023-08-16,West,Product D,5,66.32,331.6,13.0
701,2023-05-11,North,Product E,13,356.13,4629.69,18.0
702,2023-06-26,South,Product E,3,284.3,852.9,11.0
703,2023-08-20,West,Product A,22,86.24,1897.28,20.0
704,2023-06-30,West,Product D,19,89.87,1707.53,
705,2023-05-26,West,Product B,18,142.52,2565.36,13.0
706,2023-11-07,North,Product D,12,66.55,798.6,19.0
707,2023-05-29,South,Product D,6,76.5,459.0,7.0
708,2023-08-03,Central,Product C,29,185.55,5380.95,4.0
709,2023-12-07,East,Product E,48,304.28,14605.44,13.0
710,2023-09-11,West,Product C,25,226.09,5652.25,6.0
711,2023-07-24,North,Product E,10,339.58,3395.8,6.0
712,2023-12-16,West,Product E,11,318.37,3502.07,14.0
713,2023-04-07,North,Product E,21,266.9,5604.9,17.0
714,2023-02-11,Central,Product D,20,88.36,1767.2,8.0
715,2023-03-27,West,Product A,19,118.07,2243.33,
716,2023-11-04,West,Product E,46,301.36,13862.56,6.0
717,2023-08-23,South,Product B,12,148.33,1779.96,7.0
718,2023-06-15,East,Product A,5,115.78,578.9,15.0
719,2023-08-24,Central,Product D,8,89.69,717.52,15.0
720,2023-09-14,North,Product E,21,340.55,7151.55,6.0
721,2023-05-06,North,Product A,15,109.94,1649.1,14.0
722,2023-09-24,West,Product A,16,111.32,1781.12,18.0
723,2023-03-03,Central,Product E,23,325.77,7492.71,2.0
724,2023-05-30,West,Product A,26,94.53,2457.78,17.0
725,2023-11-19,West,Product D,46,83.62,3846.52,9.0
726,2023-10-24,North,Product B,25,141.99,3549.75,5.0
727,2023-05-05,West,Product B,26,135.87,3532.62,3.0
728,2023-08-23,West,Product B,29,165.42,4797.18,15.0
729,2023-06-19,East,Product E,15,273.04,4095.6,
730,2023-03-13,Central,Product C,5,162.08,810.4,19.0
731,2023-07-05,East,Product B,10,154.06,1540.6,15.0
732,2023-12-11,South,Product B,23,128.79,2962.17,13.0
733,2023-05-12,South,Product A,21,114.04,2394.84,5.0
734,2023-10-27,East,Product C,1,217.69,217.69,17.0
735,2023-07-27,Central,Product B,16,178.34,2853.44,19.0
736,2023-09-14,Central,Product C,11,190.24,2092.64,6.0
737,2023-09-26,South,Product D,16,86.91,1390.56,
738,2023-02-03,South,Product C,11,176.51,1941.61,20.0
739,2023-03-03,South,Product C,21,199.9,4197.9,1.0
740,2023-09-26,South,Product B,29,141.81,4112.49,
741,2023-11-17,East,Product E,11,248.06,2728.66,18.0
742,2023-10-03,North,Product A,28,97.87,2740.36,8.0
743,2023-05-12,South,Product B,26,133.7,3476.2,6.0
744,2023-01-21,East,Product E,20,273.3,5466.0,3.0
745,2023-03-09,East,Product A,17,88.31,1501.27,19.0
746,2023-09-02,North,Product E,15,345.8,5187.0,
747,2023-11-21,South,Product D,9,63.49,571.41,
748,2023-04-12,Central,Product E,4,265.8,1063.2,19.0
749,2023-01-05,West,Product A,19,108.8,2067.2,7.0
750,2023-10-29,Central,Product D,26,89.77,2334.02,14.0
751,2023-11-04,West,Product B,22,139.72,3073.84,10.0
752,2023-11-27,East,Product E,24,269.88,6477.12,18.0
753,2023-09-15,West,Product A,10,119.09,1190.9,16.0
754,2023-01-04,Central,Product D,11,74.87,823.57,14.0
755,2023-12-11,North,Product D,24,70.27,1686.48,6.0
756,2023-04-10,North,Product B,25,132.79,3319.75,11.0
757,2023-09-29,North,Product C,16,234.2,3747.2,5.0
758,2023-06-15,South,Product D,6,83.57,501.42,20.0
759,2023-12-06,East,Product E,15,357.74,5366.1,14.0
760,2023-05-18,East,Product D,8,88.03,704.24,12.0
761,2023-03-16,East,Product C,10,226.34,2263.4,10.0
762,2023-08-06,West,Product D,19,60.17,1143.23,2.0
763,2023-07-29,South,Product D,12,83.01,996.12,
764,2023-12-27,South,Product C,17,183.58,3120.86,11.0
765,2023-08-07,West,Product C,26,204.65,5320.9,7.0
766,2023-11-13,West,Product C,37,168.55,6236.35,11.0
767,2023-09-03,Central,Product D,24,88.56,2125.44,13.0
768,2023-12-19,West,Product B,50,136.81,6840.5,13.0
769,2023-01-31,North,Product C,4,182.08,728.32,10.0
770,2023-02-26,South,Product A,16,92.98,1487.68,14.0
771,2023-03-19,South,Product E,28,275.86,7724.08,3.0
772,2023-08-13,East,Product E,8,305.59,2444.72,18.0
773,2023-09-29,East,Product A,27,85.62,2311.74,11.0
774,2023-07-04,South,Product B,15,139.28,2089.2,12.0
775,2023-06-20,East,Product C,7,208.29,1458.03,5.0
776,2023-03-03,West,Product D,21,71.89,1509.69,2.0
777,2023-09-28,Central,Product C,2,161.3,322.6,2.0
778,2023-09-16,East,Product E,28,299.04,8373.12,3.0
779,2023-02-08,North,Product E,19,333.67,6339.73,17.0
780,2023-02-14,West,Product E,19,318.02,6042.38,3.0
781,2023-12-17,East,Product D,32,73.54,2353.28,5.0
782,2023-11-30,North,Product B,26,158.87,4130.62,17.0
783,2023-12-21,North,Product D,32,77.24,2471.68,
784,2023-07-19,North,Product B,1,139.34,139.34,8.0
785,2023-10-27,East,Product E,22,294.93,6488.46,19.0
786,2023-07-01,South,Product B,19,166.38,3161.22,6.0
787,2023-02-21,Central,Product E,1,353.34,353.34,
788,2023-03-07,East,Product A,18,93.1,1675.8,8.0
789,2023-12-03,South,Product C,18,173.06,3115.08,8.0
790,2023-04-22,East,Product A,25,85.49,2137.25,15.0
791,2023-03-05,West,Product A,27,97.76,2639.52,7.0
792,2023-07-14,West,Product D,2,71.98,143.96,13.0
793,2023-10-30,North,Product A,27,118.77,3206.79,19.0
794,2023-09-22,South,Product B,4,127.22,508.88,20.0
795,2023-07-03,West,Product B,11,132.62,1458.82,
796,2023-09-17,West,Product C,12,200.7,2408.4,1.0
797,2023-01-04,West,Product D,13,88.85,1155.05,12.0
798,2023-06-08,West,Product C,3,178.35,535.05,13.0
799,2023-08-30,East,Product C,1,163.63,163.63,6.0
800,2023-10-17,South,Product E,1,258.69,258.69,2.0
801,2023-02-01,South,Product C,20,189.74,3794.8,6.0
802,2023-08-03,South,Product E,6,355.84,2135.04,6.0
803,2023-07-06,South,Product A,4,99.9,399.6,12.0
804,2023-05-16,East,Product A,20,111.33,2226.6,16.0
805,2023-01-18,South,Product D,24,61.39,1473.36,20.0
806,2023-09-26,South,Product A,6,80.6,483.6,3.0
807,2023-08-03,North,Product D,3,73.93,221.79,18.0
808,2023-08-14,Central,Product A,5,92.46,462.3,9.0
809,2023-03-07,Central,Product C,11,236.55,2602.05,4.0
810,2023-09-02,Central,Product B,16,127.55,2040.8,5.0
811,2023-04-26,North,Product A,22,108.69,2391.18,20.0
812,2023-02-23,South,Product C,8,174.77,1398.16,11.0
813,2023-12-30,Central,Product E,34,302.03,10269.02,9.0
814,2023-03-09,West,Product C,11,212.9,2341.9,2.0
815,2023-07-17,South,Product B,2,120.86,241.72,8.0
816,2023-03-24,East,Product A,13,102.88,1337.44,12.0
817,2023-04-07,Central,Product D,21,73.56,1544.76,20.0
818,2023-05-15,West,Product A,18,109.8,1976.4,17.0
819,2023-06-22,South,Product C,11,187.28,2060.08,18.0
820,2023-08-22,North,Product C,22,221.06,4863.32,12.0
821,2023-08-07,North,Product E,21,255.15,5358.15,15.0
822,2023-02-26,Central,Product C,4,170.1,680.4,15.0
823,2023-08-12,North,Product E,18,261.91,4714.38,17.0
824,2023-04-10,South,Product A,5,87.95,439.75,17.0
825,2023-11-04,Central,Product E,14,303.01,4242.14,12.0
826,2023-10-04,Central,Product B,8,142.47,1139.76,6.0
827,2023-11-22,Central,Product B,45,170.59,7676.55,5.0
828,2023-10-04,West,Product B,20,136.71,2734.2,13.0
829,2023-06-01,Central,Product D,13,86.81,1128.53,5.0
830,2023-06-03,North,Product C,1,216.67,216.67,7.0
831,2023-11-10,North,Product A,43,110.21,4739.03,16.0
832,2023-03-24,South,Product D,25,83.59,2089.75,13.0
833,2023-10-30,South,Product C,7,165.64,1159.48,9.0
834,2023-03-13,West,Product A,29,109.04,3162.16,5.0
835,2023-04-16,South,Product C,15,220.85,3312.75,
836,2023-03-02,East,Product E,17,252.31,4289.27,16.0
837,2023-04-29,West,Product C,22,225.78,4967.16,20.0
838,2023-08-21,North,Product C,5,230.02,1150.1,2.0
839,2023-07-15,North,Product D,9,72.78,655.02,16.0
840,2023-05-30,Central,Product A,8,83.54,668.32,20.0
841,2023-07-05,West,Product D,8,72.65,581.2,9.0
842,2023-05-22,East,Product E,29,279.46,8104.34,9.0
843,2023-07-02,North,Product A,3,108.52,325.56,19.0
844,2023-09-11,Central,Product D,8,79.97,639.76,16.0
845,2023-10-15,Central,Product D,20,78.2,1564.0,13.0
846,2023-01-22,North,Product E,20,340.58,6811.6,4.0
847,2023-10-22,North,Product B,4,141.64,566.56,20.0
848,2023-08-04,West,Product A,27,93.89,2535.03,15.0
849,2023-10-21,Central,Product A,28,117.61,3293.08,14.0
850,2023-12-09,South,Product E,6,261.69,1570.14,11.0
851,2023-02-20,West,Product A,10,109.16,1091.6,9.0
852,2023-07-03,East,Product B,12,136.6,1639.2,11.0
853,2023-08-23,East,Product B,23,132.56,3048.88,18.0
854,2023-11-28,West,Product C,25,222.48,5562.0,16.0
855,2023-02-15,East,Product E,11,304.59,3350.49,8.0
856,2023-06-12,North,Product A,10,105.58,1055.8,16.0
857,2023-11-24,West,Product B,16,135.88,2174.08,12.0
858,2023-06-22,East,Product B,15,177.56,2663.4,4.0
859,2023-04-08,East,Product E,19,324.03,6156.57,18.0
860,2023-10-03,West,Product E,6,323.48,1940.88,3.0
861,2023-12-31,West,Product C,43,171.66,7381.38,12.0
862,2023-07-23,West,Product A,5,113.8,569.0,10.0
863,2023-11-11,North,Product C,41,239.96,9838.36,2.0
864,2023-05-06,South,Product C,18,162.11,2917.98,8.0
865,2023-05-06,South,Product D,29,79.44,2303.76,1.0
866,2023-06-01,North,Product E,8,297.99,2383.92,18.0
867,2023-10-10,South,Product D,19,65.58,1246.02,13.0
868,2023-11-18,West,Product C,41,216.54,8878.14,9.0
869,2023-08-09,East,Product B,12,139.21,1670.52,5.0
870,2023-06-14,Central,Product E,8,255.45,2043.6,17.0
871,2023-12-29,Central,Product C,35,168.38,5893.3,8.0
872,2023-06-28,South,Product D,18,68.07,1225.26,15.0
873,2023-11-13,West,Product E,33,292.34,9647.22,6.0
874,2023-01-12,West,Product E,18,318.03,5724.54,16.0
875,2023-12-28,North,Product C,14,165.23,2313.22,19.0
876,2023-05-10,North,Product E,29,298.9,8668.1,5.0
877,2023-07-22,West,Product C,7,203.07,1421.49,11.0
878,2023-04-30,Central,Product D,19,64.33,1222.27,19.0
879,2023-06-11,Central,Product A,1,108.48,108.48,4.0
880,2023-02-06,North,Product E,20,289.65,5793.0,7.0
881,2023-05-08,South,Product B,20,121.77,2435.4,4.0
882,2023-06-19,North,Product D,3,77.22,231.66,13.0
883,2023-07-28,West,Product B,13,170.84,2220.92,10.0
884,2023-07-01,West,Product C,6,199.97,1199.82,13.0
885,2023-04-13,East,Product A,8,93.59,748.72,17.0
886,2023-05-12,Central,Product A,1,119.28,119.28,
887,2023-07-11,South,Product A,4,118.54,474.16,1.0
888,2023-06-17,East,Product A,13,112.0,1456.0,12.0
889,2023-02-05,South,Product E,6,299.78,1798.68,12.0
890,2023-02-19,South,Product E,28,284.9,7977.2,15.0
891,2023-12-28,Central,Product B,16,168.86,2701.76,20.0
892,2023-01-20,Central,Product A,30,112.29,3368.7,10.0
893,2023-02-25,South,Product E,12,302.22,3626.64,16.0
894,2023-04-09,South,Product E,20,350.4,7008.0,18.0
895,2023-07-19,North,Product E,15,247.86,3717.9,5.0
896,2023-05-03,West,Product B,27,167.64,4526.28,
897,2023-01-31,West,Product E,30,251.85,7555.5,11.0
898,2023-09-27,Central,Product E,19,302.6,5749.4,7.0
899,2023-05-25,South,Product D,11,82.91,912.01,14.0
900,2023-07-26,West,Product A,14,99.62,1394.68,11.0
901,2023-10-15,Central,Product D,16,69.18,1106.88,10.0
902,2023-12-17,North,Product E,49,339.75,16647.75,3.0
903,2023-06-07,Central,Product E,19,260.8,4955.2,2.0
904,2023-10-01,North,Product C,1,190.79,190.79,18.0
905,2023-01-27,West,Product E,27,302.88,8177.76,12.0
906,2023-12-15,North,Product B,49,125.92,6170.08,8.0
907,2023-12-31,North,Product B,25,149.72,3743.0,20.0
908,2023-01-08,West,Product B,2,174.02,348.04,10.0
909,2023-01-03,South,Product C,29,238.75,6923.75,8.0
910,2023-07-10,North,Product B,13,128.5,1670.5,9.0
911,2023-08-05,Central,Product C,22,176.39,3880.58,9.0
912,2023-07-29,West,Product D,1,71.31,71.31,7.0
913,2023-09-07,Central,Product A,9,105.06,945.54,15.0
914,2023-03-07,South,Product A,22,105.5,2321.0,16.0
915,2023-02-04,Central,Product C,6,173.39,1040.34,13.0
916,2023-05-26,East,Product C,18,228.44,4111.92,4.0
917,2023-07-22,North,Product E,7,341.57,2390.99,17.0
918,2023-01-19,West,Product A,16,84.46,1351.36,
919,2023-07-18,North,Product A,6,89.67,538.02,15.0
920,2023-03-15,Central,Product A,15,106.52,1597.8,7.0
921,2023-04-18,East,Product A,24,102.75,2466.0,11.0
922,2023-05-09,South,Product C,30,196.96,5908.8,2.0
923,2023-07-20,South,Product C,13,200.45,2605.85,7.0
924,2023-06-21,North,Product D,15,62.08,931.2,17.0
925,2023-05-28,South,Product B,18,152.83,2750.94,4.0
926,2023-12-17,West,Product E,9,304.11,2736.99,6.0
927,2023-06-14,North,Product B,12,174.09,2089.08,1.0
928,2023-07-15,Central,Product A,1,112.55,112.55,4.0
929,2023-04-25,North,Product E,25,305.47,7636.75,
930,2023-09-01,Central,Product D,30,68.47,2054.1,15.0
931,2023-05-02,West,Product E,22,270.01,5940.22,15.0
932,2023-09-03,South,Product D,30,76.09,2282.7,5.0
933,2023-05-27,South,Product D,21,89.97,1889.37,12.0
934,2023-01-11,East,Product B,14,122.55,1715.7,18.0
935,2023-04-27,South,Product C,13,176.65,2296.45,14.0
936,2023-08-24,West,Product D,24,88.57,2125.68,11.0
937,2023-06-16,South,Product E,13,264.71,3441.23,7.0
938,2023-10-19,Central,Product C,7,232.03,1624.21,14.0
939,2023-07-11,South,Product D,10,64.24,642.4,15.0
940,2023-06-03,West,Product A,20,87.98,1759.6,6.0
941,2023-12-04,Central,Product D,29,65.41,1896.89,7.0
942,2023-07-17,South,Product C,19,238.69,4535.11,5.0
943,2023-11-25,Central,Product B,30,129.04,3871.2,8.0
944,2023-03-08,West,Product C,25,208.83,5220.75,17.0
945,2023-11-18,North,Product A,7,83.43,584.01,
946,2023-01-28,North,Product C,11,234.53,2579.83,5.0
947,2023-04-20,North,Product C,10,209.86,2098.6,15.0
948,2023-09-01,South,Product C,11,184.26,2026.86,6.0
949,2023-03-19,West,Product A,6,101.29,607.74,6.0
950,2023-10-15,West,Product C,18,215.2,3873.6,4.0
951,2023-12-06,West,Product A,14,110.23,1543.22,13.0
952,2023-08-31,West,Product B,13,166.03,2158.39,12.0
953,2023-08-14,Central,Product B,19,146.84,2789.96,
954,2023-09-09,Central,Product C,22,230.85,5078.7,12.0
955,2023-02-05,South,Product E,6,276.01,1656.06,5.0
956,2023-02-26,South,Product C,30,183.39,5501.7,3.0
957,2023-07-01,West,Product A,20,104.87,2097.4,6.0
958,2023-07-06,South,Product E,9,273.63,2462.67,1.0
959,2023-09-08,South,Product A,11,105.98,1165.78,9.0
960,2023-08-18,East,Product A,14,90.91,1272.74,15.0
961,2023-12-04,East,Product E,10,243.76,2437.6,20.0
962,2023-01-06,Central,Product A,24,92.11,2210.64,16.0
963,2023-07-14,North,Product C,13,215.75,2804.75,17.0
964,2023-08-06,East,Product B,14,176.57,2471.98,18.0
965,2023-04-09,East,Product C,16,166.66,2666.56,3.0
966,2023-12-08,Central,Product A,25,80.92,2023.0,4.0
967,2023-05-05,South,Product C,3,165.2,495.6,8.0
968,2023-02-14,North,Product A,28,108.92,3049.76,11.0
969,2023-11-13,South,Product E,9,315.14,2836.26,15.0
970,2023-11-20,North,Product E,26,254.64,6620.64,7.0
971,2023-02-11,North,Product A,6,80.15,480.9,8.0
972,2023-04-18,North,Product D,2,69.61,139.22,16.0
973,2023-04-12,West,Product E,23,324.75,7469.25,19.0
974,2023-02-01,South,Product E,15,240.76,3611.4,7.0
975,2023-05-15,Central,Product E,5,356.73,1783.65,3.0
976,2023-04-07,East,Product B,6,129.75,778.5,19.0
977,2023-06-01,West,Product E,20,316.87,6337.4,9.0
978,2023-06-26,Central,Product A,8,106.19,849.52,9.0
979,2023-05-25,South,Product A,25,82.46,2061.5,2.0
980,2023-11-14,North,Product D,32,60.36,1931.52,3.0
981,2023-06-13,East,Product E,19,321.38,6106.22,
982,2023-05-15,East,Product D,24,70.74,1697.76,12.0
983,2023-09-13,West,Product C,10,203.67,2036.7,8.0
984,2023-10-28,North,Product C,6,192.78,1156.68,11.0
985,2023-07-26,West,Product D,15,64.58,968.7,13.0
986,2023-08-03,South,Product C,1,190.52,190.52,5.0
987,2023-07-24,North,Product D,12,83.74,1004.88,6.0
988,2023-03-19,South,Product B,19,125.69,2388.11,5.0
989,2023-05-19,South,Product A,11,99.89,1098.79,18.0
990,2023-05-23,South,Product D,8,78.2,625.6,14.0
991,2023-03-23,North,Product C,16,236.92,3790.72,
992,2023-06-15,Central,Product C,16,171.32,2741.12,16.0
993,2023-04-21,West,Product A,14,118.27,1655.78,11.0
994,2023-11-19,Central,Product D,24,78.35,1880.4,17.0
995,2023-05-25,East,Product B,11,142.17,1563.87,3.0
996,2023-01-10,East,Product D,15,67.38,1010.7,8.0
997,2023-06-10,East,Product E,16,280.89,4494.24,7.0
998,2023-03-07,Central,Product B,11,162.49,1787.39,8.0
999,2023-09-08,West,Product A,19,92.54,1758.26,13.0
1000,2023-03-17,East,Product A,20,101.17,2023.4,9.0
